day,LAI,,,
2022/7/5,0.1819,,0.1988,0.018801554
2022/7/17,1.401,,1.937,0.322696486
2022/7/20,2.082,,1.677,0.277239875
2022/7/28,3.557,,3.867,0.660124411
2022/8/6,3.639,,4.096,0.700161196
2022/8/15,3.597,,4.487,0.768520947
2022/8/31,4.172,,4.121,0.704532024
2022/9/11,3.548,,4.573,0.783556595
2022/9/17,3.551,,3.998,0.68302755
2022/9/28,2.514,,2.401,0.403819055
