day,LAI
2022/7/5,0.015846874
2022/7/17,0.228985933
2022/7/20,0.348047289
2022/7/28,0.605926143
2022/8/6,0.620262459
2022/8/15,0.612919468
2022/8/31,0.713448513
2022/9/11,0.604352645
