day,LAI
2022/7/5,0.012577495
2022/7/17,0.244021581
2022/7/20,0.274792211
2022/7/28,0.487389287
2022/8/6,0.53739156
2022/8/15,0.599457318
2022/8/31,0.613443968
2022/9/11,0.547007381
