day,LAI
2022/7/5,0.018801554
2022/7/17,0.277239875
2022/7/20,0.322696486
2022/7/28,0.607674475
2022/8/6,0.700161196
2022/8/15,0.768520947
2022/8/31,0.704532024
