day,SM
2021/7/8,0.254291531
2021/7/18,0.203397173
2021/7/29,0.189868715
2021/8/4,0.237900579
2021/8/15,0.263214819
2021/8/27,0.253390373
2021/9/7,0.304959855
