day,LAI
2021/7/8,0.154629
2021/7/18,1.4787
2021/7/29,3.529
2021/8/6,3.936
2021/8/15,3.494
2021/8/27,4.171
2021/9/7,3.989
2021/9/20,3.418
2022/7/5,0.09126
2022/7/17,0.4901
2022/7/20,0.9686
2022/7/28,1.742
2022/8/6,3.205
2022/8/15,2.364
2022/8/31,4.06
2022/9/13,4.061
2022/9/28,2.441
