day,LAI_OBS
2021/7/8,0.13097025
2021/7/18,1.14525
2021/7/29,3.457
2021/8/6,3.568
2021/8/15,3.656
2021/8/27,3.66
2021/9/7,3.616
2021/9/20,2.75
