day,LAI_OBS
2021/7/8,0.18299025
2021/7/18,1.03163
2021/7/29,2.631
2021/8/6,3.636
2021/8/15,2.249
2021/8/27,3.456
2021/9/7,3.478
2021/9/20,2.826
2022/7/5,0.1819
2022/7/17,1.401
2022/7/20,2.082
2022/7/28,3.557
2022/8/6,3.639
2022/8/15,3.597
2022/8/31,4.172
2022/9/13,3.548
2022/9/28,2.514
