day,LAI
2021/7/8,0.17263575
2021/7/18,1.12073
2021/7/29,3.747
2021/8/6,2.942
2021/8/15,3.964
2021/8/27,3.957
2021/9/7,3.67
2021/9/20,3.201
2022/7/5,0.2247
2022/7/17,1.068
2022/7/20,2.46
2022/7/28,3.718
2022/8/6,3.962
2022/8/15,4.601
2022/8/31,4.429
2022/9/13,4.736
2022/9/28,3.159
