day,LAI
2021/7/8,0.1829295
2021/7/18,1.35855
2021/7/29,2.665
2021/8/6,3.431
2021/8/15,4.73
2021/8/27,4.008
2021/9/7,3.452
2021/9/20,2.699
