day,SM
2021/7/8,0.214682468
2021/7/18,0.183067224
2021/7/29,0.185838857
2021/8/4,0.218889874
2021/8/15,0.214649807
2021/8/27,0.228732638
2021/9/7,0.297389561
