day,LAI_OBS
2021/7/8,0.17124525
2021/7/18,1.21365
2021/7/29,2.636
2021/8/6,3.575
2021/8/15,3.244
2021/8/27,4.019
2021/9/7,3.174
2021/9/20,2.831
