day,LAI_OBS
2021/7/8,0.13218525
2021/7/18,1.08495
2021/7/29,3.068
2021/8/6,4.094
2021/8/15,4.023
2021/8/27,3.98
2021/9/7,3.73
2021/9/20,2.825
