day,LAI_OBS
2021/7/8,0.480348
2021/7/18,1.88865
2021/7/29,3.978
2021/8/6,3.628
2021/8/15,3.723
2021/8/27,3.911
2021/9/7,3.483
2021/9/20,2.835
2022/7/5,0.1632
2022/7/17,1.487
2022/7/20,1.663
2022/7/28,2.879
2022/8/6,3.165
2022/8/15,3.52
2022/8/31,3.6
2022/9/13,3.22
2022/9/28,2.015
