day,LAI_OBS
2021/7/8,0.18982125
2021/7/18,1.43595
2021/7/29,2.928
2021/8/6,3.54
2021/8/15,3.965
2021/8/27,3.847
2021/9/7,3.94
2021/9/20,3.086
