day,LAI_OBS
2021/7/8,0.17967645
2021/7/18,1.42016
2021/7/29,3.07
2021/8/6,3.754
2021/8/15,3.839
2021/8/27,3.429
2021/9/7,3.12
2021/9/20,2.297
