day,LAI
2021/7/8,0.0839115
2021/7/18,0.99855
2021/7/29,2.882
2021/8/6,3.265
2021/8/15,3.427
2021/8/27,3.876
2021/9/7,3.283
2021/9/20,2.621
2022/7/5,0.1831
2022/7/17,1.818
2022/7/20,1.239
2022/7/28,3.884
2022/8/6,3.748
2022/8/15,3.611
2022/8/31,4.051
2022/9/13,4.735
2022/9/28,3.465
