day,LAI_OBS
2021/7/8,0.07071525
2021/7/18,1.03662
2021/7/29,3.356
2021/8/6,3.43
2021/8/15,3.974
2021/8/27,3.77
2021/9/7,2.782
2021/9/20,1.964
