day,LAI
2021/7/8,0.1084545
2021/7/18,1.40517
2021/7/29,3.926
2021/8/6,3.973
2021/8/15,3.681
2021/8/27,4.037
2021/9/7,3.422
2021/9/20,2.748
2022/7/5,0.1374
2022/7/17,1.17
2022/7/20,0.8904
2022/7/28,3.41
2022/8/6,3.847
2022/8/15,4.255
2022/8/31,3.751
2022/9/13,3.655
2022/9/28,2.594
