day,SM
2021/7/8,0.252618063
2021/7/18,0.222680865
2021/7/29,0.310956315
2021/8/4,0.240554687
2021/8/15,0.281265038
2021/8/27,0.272126761
2021/9/7,0.287631826
