day,LAI
2021/7/8,0.028719446
2021/7/18,0.134697048
2021/7/29,0.457621267
2021/8/6,0.624029001
2021/8/15,0.55670637
2021/8/27,0.658898671
2021/9/7,0.476437079
2021/9/20,0.386500949
