day,LAI
2021/7/8,0.02848096841015018
2021/7/18,0.17497496979112723
2021/7/29,0.4510616261004661
2021/8/6,0.6245468669083377
2021/8/15,0.3851199723804592
2021/8/27,0.5934748834800622
2021/9/7,0.5972725703435181
2021/9/20,0.4847229414810979
2022/7/5,0.02829276713274642
2022/7/17,0.23873640600725013
2022/7/20,0.3562920766442258
2022/7/28,0.6109097186259278
2022/8/6,0.6250647332988089
2022/8/15,0.6178146038322113
2022/8/31,0.7170723286725358
2022/9/13,0.6093561194545141
2022/9/28,0.430864836872087
