day,LAI
2021/7/8,0.01950116519937856
2021/7/18,0.19458829621957535
2021/7/29,0.5936475056102192
2021/8/6,0.6128085620576558
2021/8/15,0.6279993095114794
2021/8/27,0.6286897980321078
2021/9/7,0.621094424305196
2021/9/20,0.47160365958915934
