day,LAI
2021/7/8,0.02847048161574314
2021/7/18,0.2314085965820818
2021/7/29,0.45693077852580705
2021/8/6,0.589159330226135
2021/8/15,0.81339547730019
2021/8/27,0.6887622993267737
2021/9/7,0.5927843949594338
2021/9/20,0.4627999309511479
