day,LAI
2021/7/8,0.029484981874676332
2021/7/18,0.2523045054375971
2021/7/29,0.6942862074918005
2021/8/6,0.6751251510443639
2021/8/15,0.6067667875021577
2021/8/27,0.6502675643017435
2021/9/7,0.5501467288106335
2021/9/20,0.44294838598308306
