day,LAI
2021/7/8,0.012377524598653548
2021/7/18,0.13656136716727085
2021/7/29,0.4683238391161747
2021/8/6,0.5565337476264457
2021/8/15,0.5596409459692733
2021/8/27,0.6746072846538926
2021/9/7,0.43552563438632835
2021/9/20,0.3198688071810806
2022/7/5,0.02903504229242189
2022/7/17,0.08786466424995684
2022/7/20,0.09810115656827205
2022/7/28,0.36544104954255135
2022/8/6,0.4584843776972208
2022/8/15,1.0
2022/8/31,0.6079751424132575
2022/9/13,0.4857586742620404
2022/9/28,0.42620403935784573
