day,LAI
2021/7/8,0.026453521491455204
2021/7/18,0.20639564992232
2021/7/29,0.45192473675125155
2021/8/6,0.6140169169687555
2021/8/15,0.5568789918867599
2021/8/27,0.6906611427585017
2021/9/7,0.5447954427757639
2021/9/20,0.48558605213188333
