day,LAI
2021/7/8,0.019710901087519418
2021/7/18,0.18417918177110307
2021/7/29,0.5264974969791127
2021/8/6,0.7036078025202832
2021/8/15,0.6913516312791299
2021/8/27,0.6839288796823753
2021/9/7,0.6407733471431037
2021/9/20,0.48455031935094084
