day,LAI
2021/7/8,0.07981149663386845
2021/7/18,0.32291558777835316
2021/7/29,0.6835836354220611
2021/8/6,0.623165889867081
2021/8/15,0.6395649922320041
2021/8/27,0.6720179527015364
2021/9/7,0.5981356809943035
2021/9/20,0.4862765406525117
2022/7/5,0.02506473329880891
2022/7/17,0.25358190920075957
2022/7/20,0.2839634041084067
2022/7/28,0.49387191437942346
2022/8/6,0.5432418436043501
2022/8/15,0.6045226998101156
2022/8/31,0.6183324702226826
2022/9/13,0.5527360607629899
2022/9/28,0.344726393923701
