day,LAI
2021/7/8,0.018896815121698603
2021/7/18,0.16064215432418436
2021/7/29,0.5378905575694805
2021/8/6,0.6866908337648887
2021/8/15,0.7403763162437426
2021/8/27,0.6637320904539962
2021/9/7,0.5825996892801657
2021/9/20,0.41550146728810633
