day,LAI
2021/7/8,0.029660150181253238
2021/7/18,0.2447695494562403
2021/7/29,0.5023303987571207
2021/8/6,0.6079751424132575
2021/8/15,0.681339547730019
2021/8/27,0.6609701363714828
2021/9/7,0.6770239944760919
2021/9/20,0.5296046953219403
