day,LAI
2021/7/8,0.02790893319523563
2021/7/18,0.2420438460210599
2021/7/29,0.5268427412394269
2021/8/6,0.6449162782668738
2021/8/15,0.6595891593302261
2021/8/27,0.5888140859658209
2021/9/7,0.5354738477472812
2021/9/20,0.3934058346279994
