day,LAI
2021/7/8,0.028319005696530297
2021/7/18,0.24344899016053856
2021/7/29,0.4365613671672709
2021/8/6,0.5404798895218367
2021/8/15,0.5867426204039358
2021/8/27,0.6319696185050924
2021/9/7,0.5608493008803729
2021/9/20,0.49266355946832385
