day,LAI
2021/7/8,0.013613412739513206
2021/7/18,0.22130157086138444
2021/7/29,0.388745037113758
2021/8/6,0.5827723114103228
2021/8/15,0.6533747626445711
2021/8/27,0.6072846538926291
2021/9/7,0.6366304160193337
2021/9/20,0.4857586742620404
