day,LAI
2021/7/8,0.009099818746763333
2021/7/18,0.17583635422061109
2021/7/29,0.5762126704643535
2021/8/6,0.588986708095978
2021/8/15,0.6828931469014328
2021/8/27,0.6476782323493873
2021/9/7,0.47712756775418613
2021/9/20,0.3359226652856896
