day,LAI
2021/7/8,0.006942667
2021/7/18,0.184272362
2021/7/29,0.588442831
2021/8/6,0.618339295
2021/8/27,0.623933955
2021/9/7,0.616241298
2021/9/20,0.464835814
