day,LAI,LAI_ori
2021/7/8,0.006942667,0.13097025
2021/7/18,0.184272362,1.14525
2021/7/29,0.588442831,3.456999998
2021/8/6,0.618339295,3.627999999
2021/8/27,0.623933955,3.66
2021/9/7,0.616241298,3.616000002
2021/9/20,0.464835814,2.749999999
