day,LAI
2021/7/8,0.007155089
2021/7/18,0.173729925
2021/7/29,0.520432747
2021/8/6,0.672187897
2021/8/27,0.679880554
2021/9/7,0.636172274
2021/9/20,0.477948298
