day,LAI,LAI_ori
2021/7/8,0.007155089,0.132185249
2021/7/18,0.173729925,1.084950001
2021/7/29,0.520432747,3.068
2021/8/6,0.672187897,3.936000002
2021/8/27,0.679880554,3.98
2021/9/7,0.636172274,3.730000002
2021/9/20,0.477948298,2.824999998
