day,LAI
2021/7/8,0.015458124
2021/7/18,0.232335736
2021/7/29,0.520782413
2021/8/6,0.498403774
2021/8/15,0.677083224
2021/8/27,0.583547504
2021/9/7,0.529524069
2021/9/20,0.38563641
