day,LAI
2021/7/8,0.015873449
2021/7/18,0.233758877
2021/7/29,0.516761251
2021/8/6,0.61973796
2021/8/27,0.627255784
2021/9/7,0.555224538
2021/9/20,0.486165455
